participantId,surveyCode,time,age,gender,imageExperience,1649679807422\snail_lab.png,1649679807422\snail_linrgb.png,1649679807422\snail_srgb.png,1649679807422\bird_bilinear.png,1649679807422\bird_lanczos3.png,1649679807422\bird_ogniewski.png,1649679807422\bird_bicubic.png,1649679807422\bus_bicubic.png,1649679807422\bus_bilinear.png,1649679807422\bus_lanczos3.png,1649679807422\bus_ogniewski.png,1649679807422\interpsmolking_bicubic.png,1649679807422\interpsmolking_bilinear.png,1649679807422\interpsmolking_lanczos3.png,1649679807422\interpsmolking_ogniewski.png,1649679807422\mushroom_bicubic.png,1649679807422\mushroom_bilinear.png,1649679807422\mushroom_lanczos3.png,1649679807422\mushroom_ogniewski.png,1649679807422\smolking_lab.png,1649679807422\smolking_linrgb.png,1649679807422\smolking_srgb.png
91bac3f4-f20d-4cf3-94c7-e5777980b16b,xVku7Miix,372.991,23,male,education,1,0,2,2,3,0,1,1,0,3,2,3,0,1,2,2,1,0,3,2,0,1
8f113c5f-0ad0-41ce-ba87-d09a1309d2ba,P00VmCDRb,296.97099999999995,21,male,none,0,1,2,1,3,0,2,0,1,2,3,1,0,2,3,2,1,0,3,0,2,1
31db90e1-a810-4892-bf95-7ea21809f1e4,5haYuRRBe,428.908,25,male,education,1,0,2,1,2,0,3,3,0,1,2,3,1,0,2,2,0,1,3,2,0,1
2fcffd32-14d6-4f47-8275-54345aaf7508,UVaTTG0Le,132.46699999999998,23,male,education,0,1,2,1,2,0,3,2,0,3,1,1,2,0,3,3,1,0,2,1,0,2
2153a579-642c-4640-81e6-c27811d1a46d,XgObDkqtz,140.00099999999998,25,female,none,0,1,2,1,2,0,3,3,0,1,2,1,2,0,3,2,1,0,3,1,0,2
621a9652-1218-49c0-9f4e-92f55f0a8d2f,2iyc3Y-wP,179.692,22,male,education,0,1,2,1,3,0,2,0,2,1,3,3,1,0,2,1,2,0,3,0,1,2
81d3e621-0520-4616-9832-f2c906479581,QwP_PptUa,152.11900000000003,25,male,education,1,0,2,2,3,0,1,0,3,1,2,2,3,0,1,2,1,0,3,0,2,1
dd04a764-7576-4e58-a80d-576d52319c0a,Iq1gEuMgx,214.862,23,female,education,1,2,0,1,0,2,3,2,0,3,1,2,1,0,3,2,1,0,3,2,1,0
ab6ed4b9-4065-4d66-a532-b6f5f07d7de1,C7mJ_Xd48,321.097,58,male,none,1,0,2,1,3,0,2,0,1,2,3,2,1,0,3,1,2,0,3,1,0,2
94ca6b95-8bde-49d3-82f2-16aa814ab8a5,5RCuR2ytQ,338.915,35,male,education,2,1,0,2,0,3,1,3,1,0,2,1,2,0,3,2,1,0,3,2,0,1
8c53a4c0-1e3d-4fa3-aa31-ca74c276cd99,LA-OH0Zph,198.158,23,male,education,1,0,2,0,3,1,2,2,0,3,1,2,0,3,1,2,1,0,3,2,0,1
dc3cb696-86c2-4aca-9443-603911517e70,B3nKD2Akc,192.857,22,male,education,0,1,2,1,2,0,3,3,2,0,1,1,2,0,3,2,1,0,3,1,0,2
c99fe3ff-dced-4bf9-b402-673252b8425e,8bbpJrQ3w,257.97100000000006,26,female,none,1,0,2,1,2,0,3,2,1,0,3,0,1,3,2,3,1,0,2,1,0,2
5f09fb64-51ad-4fe4-a1f4-561834f808aa,o8Dj1b3Ld,292.62399999999997,24,male,none,0,1,2,0,1,2,3,1,0,2,3,1,0,2,3,3,1,0,2,1,0,2
45323386-122d-4acd-ae6f-900d385b4697,jWCnnd_f_,646.032,24,male,education,1,0,2,2,0,1,3,3,2,1,0,1,2,0,3,1,2,0,3,2,0,1


imageA,imageB,chosenImage,time,participantId,isRepeat
1649679807422\snail_lab.png,1649679807422\snail_srgb.png,1649679807422\snail_srgb.png,43.769,91bac3f4-f20d-4cf3-94c7-e5777980b16b,0
1649679807422\snail_srgb.png,1649679807422\snail_linrgb.png,1649679807422\snail_srgb.png,7.696,91bac3f4-f20d-4cf3-94c7-e5777980b16b,0
1649679807422\snail_linrgb.png,1649679807422\snail_srgb.png,1649679807422\snail_linrgb.png,3.331,91bac3f4-f20d-4cf3-94c7-e5777980b16b,1
1649679807422\snail_lab.png,1649679807422\snail_linrgb.png,1649679807422\snail_lab.png,4.727,91bac3f4-f20d-4cf3-94c7-e5777980b16b,0
1649679807422\bird_ogniewski.png,1649679807422\bird_bicubic.png,1649679807422\bird_bicubic.png,11.466,91bac3f4-f20d-4cf3-94c7-e5777980b16b,0
1649679807422\bird_bicubic.png,1649679807422\bird_ogniewski.png,1649679807422\bird_bicubic.png,30.648,91bac3f4-f20d-4cf3-94c7-e5777980b16b,1
1649679807422\bird_bilinear.png,1649679807422\bird_bicubic.png,1649679807422\bird_bilinear.png,11.133,91bac3f4-f20d-4cf3-94c7-e5777980b16b,0
1649679807422\bird_lanczos3.png,1649679807422\bird_bicubic.png,1649679807422\bird_lanczos3.png,15.19,91bac3f4-f20d-4cf3-94c7-e5777980b16b,0
1649679807422\bird_lanczos3.png,1649679807422\bird_bilinear.png,1649679807422\bird_lanczos3.png,3.904,91bac3f4-f20d-4cf3-94c7-e5777980b16b,0
1649679807422\bus_lanczos3.png,1649679807422\bus_bicubic.png,1649679807422\bus_lanczos3.png,68.504,91bac3f4-f20d-4cf3-94c7-e5777980b16b,0
1649679807422\bus_bicubic.png,1649679807422\bus_lanczos3.png,1649679807422\bus_bicubic.png,7.814,91bac3f4-f20d-4cf3-94c7-e5777980b16b,1
1649679807422\bus_lanczos3.png,1649679807422\bus_ogniewski.png,1649679807422\bus_lanczos3.png,13.734,91bac3f4-f20d-4cf3-94c7-e5777980b16b,0
1649679807422\bus_ogniewski.png,1649679807422\bus_bicubic.png,1649679807422\bus_ogniewski.png,36.76,91bac3f4-f20d-4cf3-94c7-e5777980b16b,0
1649679807422\bus_bilinear.png,1649679807422\bus_ogniewski.png,1649679807422\bus_ogniewski.png,7.432,91bac3f4-f20d-4cf3-94c7-e5777980b16b,0
1649679807422\bus_bilinear.png,1649679807422\bus_bicubic.png,1649679807422\bus_bicubic.png,10.317,91bac3f4-f20d-4cf3-94c7-e5777980b16b,0
1649679807422\interpsmolking_bilinear.png,1649679807422\interpsmolking_ogniewski.png,1649679807422\interpsmolking_ogniewski.png,8.777,91bac3f4-f20d-4cf3-94c7-e5777980b16b,0
1649679807422\interpsmolking_lanczos3.png,1649679807422\interpsmolking_ogniewski.png,1649679807422\interpsmolking_ogniewski.png,24.136,91bac3f4-f20d-4cf3-94c7-e5777980b16b,0
1649679807422\interpsmolking_lanczos3.png,1649679807422\interpsmolking_bilinear.png,1649679807422\interpsmolking_lanczos3.png,12.18,91bac3f4-f20d-4cf3-94c7-e5777980b16b,0
1649679807422\interpsmolking_bilinear.png,1649679807422\interpsmolking_lanczos3.png,1649679807422\interpsmolking_bilinear.png,3.761,91bac3f4-f20d-4cf3-94c7-e5777980b16b,1
1649679807422\interpsmolking_lanczos3.png,1649679807422\interpsmolking_bicubic.png,1649679807422\interpsmolking_bicubic.png,13.385,91bac3f4-f20d-4cf3-94c7-e5777980b16b,0
1649679807422\interpsmolking_ogniewski.png,1649679807422\interpsmolking_bicubic.png,1649679807422\interpsmolking_bicubic.png,3.727,91bac3f4-f20d-4cf3-94c7-e5777980b16b,0
1649679807422\mushroom_bilinear.png,1649679807422\mushroom_bicubic.png,1649679807422\mushroom_bicubic.png,5.331,91bac3f4-f20d-4cf3-94c7-e5777980b16b,0
1649679807422\mushroom_ogniewski.png,1649679807422\mushroom_bicubic.png,1649679807422\mushroom_ogniewski.png,16.699,91bac3f4-f20d-4cf3-94c7-e5777980b16b,0
1649679807422\mushroom_lanczos3.png,1649679807422\mushroom_bicubic.png,1649679807422\mushroom_bicubic.png,9.548,91bac3f4-f20d-4cf3-94c7-e5777980b16b,0
1649679807422\mushroom_bicubic.png,1649679807422\mushroom_lanczos3.png,1649679807422\mushroom_bicubic.png,3.624,91bac3f4-f20d-4cf3-94c7-e5777980b16b,1
1649679807422\mushroom_bilinear.png,1649679807422\mushroom_lanczos3.png,1649679807422\mushroom_bilinear.png,20.893,91bac3f4-f20d-4cf3-94c7-e5777980b16b,0
1649679807422\smolking_lab.png,1649679807422\smolking_srgb.png,1649679807422\smolking_lab.png,13.045,91bac3f4-f20d-4cf3-94c7-e5777980b16b,0
1649679807422\smolking_srgb.png,1649679807422\smolking_lab.png,1649679807422\smolking_srgb.png,46.519,91bac3f4-f20d-4cf3-94c7-e5777980b16b,1
1649679807422\smolking_linrgb.png,1649679807422\smolking_lab.png,1649679807422\smolking_lab.png,6.097,91bac3f4-f20d-4cf3-94c7-e5777980b16b,0
1649679807422\smolking_srgb.png,1649679807422\smolking_linrgb.png,1649679807422\smolking_srgb.png,4.541,91bac3f4-f20d-4cf3-94c7-e5777980b16b,0
1649679807422\snail_linrgb.png,1649679807422\snail_srgb.png,1649679807422\snail_srgb.png,9.106,8f113c5f-0ad0-41ce-ba87-d09a1309d2ba,0
1649679807422\snail_srgb.png,1649679807422\snail_linrgb.png,1649679807422\snail_srgb.png,3.797,8f113c5f-0ad0-41ce-ba87-d09a1309d2ba,1
1649679807422\snail_srgb.png,1649679807422\snail_lab.png,1649679807422\snail_srgb.png,6.97,8f113c5f-0ad0-41ce-ba87-d09a1309d2ba,0
1649679807422\snail_lab.png,1649679807422\snail_linrgb.png,1649679807422\snail_linrgb.png,4.562,8f113c5f-0ad0-41ce-ba87-d09a1309d2ba,0
1649679807422\bird_bicubic.png,1649679807422\bird_ogniewski.png,1649679807422\bird_bicubic.png,12.684,8f113c5f-0ad0-41ce-ba87-d09a1309d2ba,0
1649679807422\bird_bicubic.png,1649679807422\bird_bilinear.png,1649679807422\bird_bicubic.png,9.816,8f113c5f-0ad0-41ce-ba87-d09a1309d2ba,0
1649679807422\bird_bilinear.png,1649679807422\bird_bicubic.png,1649679807422\bird_bilinear.png,30.64,8f113c5f-0ad0-41ce-ba87-d09a1309d2ba,1
1649679807422\bird_bilinear.png,1649679807422\bird_ogniewski.png,1649679807422\bird_bilinear.png,2.774,8f113c5f-0ad0-41ce-ba87-d09a1309d2ba,0
1649679807422\bird_lanczos3.png,1649679807422\bird_bilinear.png,1649679807422\bird_lanczos3.png,12.065,8f113c5f-0ad0-41ce-ba87-d09a1309d2ba,0
1649679807422\bird_bicubic.png,1649679807422\bird_lanczos3.png,1649679807422\bird_lanczos3.png,7.368,8f113c5f-0ad0-41ce-ba87-d09a1309d2ba,0
1649679807422\bus_ogniewski.png,1649679807422\bus_bicubic.png,1649679807422\bus_ogniewski.png,17.046,8f113c5f-0ad0-41ce-ba87-d09a1309d2ba,0
1649679807422\bus_lanczos3.png,1649679807422\bus_ogniewski.png,1649679807422\bus_ogniewski.png,27.413,8f113c5f-0ad0-41ce-ba87-d09a1309d2ba,0
1649679807422\bus_ogniewski.png,1649679807422\bus_lanczos3.png,1649679807422\bus_ogniewski.png,5.857,8f113c5f-0ad0-41ce-ba87-d09a1309d2ba,1
1649679807422\bus_lanczos3.png,1649679807422\bus_bicubic.png,1649679807422\bus_lanczos3.png,19.737,8f113c5f-0ad0-41ce-ba87-d09a1309d2ba,0
1649679807422\bus_lanczos3.png,1649679807422\bus_bilinear.png,1649679807422\bus_lanczos3.png,16.495,8f113c5f-0ad0-41ce-ba87-d09a1309d2ba,0
1649679807422\bus_bicubic.png,1649679807422\bus_bilinear.png,1649679807422\bus_bilinear.png,11.88,8f113c5f-0ad0-41ce-ba87-d09a1309d2ba,0
1649679807422\interpsmolking_bilinear.png,1649679807422\interpsmolking_ogniewski.png,1649679807422\interpsmolking_ogniewski.png,11.686,8f113c5f-0ad0-41ce-ba87-d09a1309d2ba,0
1649679807422\interpsmolking_ogniewski.png,1649679807422\interpsmolking_bicubic.png,1649679807422\interpsmolking_ogniewski.png,15.087,8f113c5f-0ad0-41ce-ba87-d09a1309d2ba,0
1649679807422\interpsmolking_bilinear.png,1649679807422\interpsmolking_bicubic.png,1649679807422\interpsmolking_bicubic.png,17.182,8f113c5f-0ad0-41ce-ba87-d09a1309d2ba,0
1649679807422\interpsmolking_bicubic.png,1649679807422\interpsmolking_bilinear.png,1649679807422\interpsmolking_bicubic.png,9.625,8f113c5f-0ad0-41ce-ba87-d09a1309d2ba,1
1649679807422\interpsmolking_lanczos3.png,1649679807422\interpsmolking_bicubic.png,1649679807422\interpsmolking_lanczos3.png,15.12,8f113c5f-0ad0-41ce-ba87-d09a1309d2ba,0
1649679807422\interpsmolking_lanczos3.png,1649679807422\interpsmolking_ogniewski.png,1649679807422\interpsmolking_ogniewski.png,11.164,8f113c5f-0ad0-41ce-ba87-d09a1309d2ba,0
1649679807422\mushroom_ogniewski.png,1649679807422\mushroom_lanczos3.png,1649679807422\mushroom_ogniewski.png,17.768,8f113c5f-0ad0-41ce-ba87-d09a1309d2ba,0
1649679807422\mushroom_ogniewski.png,1649679807422\mushroom_bicubic.png,1649679807422\mushroom_ogniewski.png,9.139,8f113c5f-0ad0-41ce-ba87-d09a1309d2ba,0
1649679807422\mushroom_bicubic.png,1649679807422\mushroom_lanczos3.png,1649679807422\mushroom_bicubic.png,11.058,8f113c5f-0ad0-41ce-ba87-d09a1309d2ba,0
1649679807422\mushroom_bilinear.png,1649679807422\mushroom_bicubic.png,1649679807422\mushroom_bicubic.png,6.877,8f113c5f-0ad0-41ce-ba87-d09a1309d2ba,0
1649679807422\mushroom_bicubic.png,1649679807422\mushroom_bilinear.png,1649679807422\mushroom_bicubic.png,5.501,8f113c5f-0ad0-41ce-ba87-d09a1309d2ba,1
1649679807422\mushroom_bilinear.png,1649679807422\mushroom_lanczos3.png,1649679807422\mushroom_bilinear.png,5.037,8f113c5f-0ad0-41ce-ba87-d09a1309d2ba,0
1649679807422\smolking_srgb.png,1649679807422\smolking_lab.png,1649679807422\smolking_srgb.png,4.287,8f113c5f-0ad0-41ce-ba87-d09a1309d2ba,0
1649679807422\smolking_srgb.png,1649679807422\smolking_linrgb.png,1649679807422\smolking_linrgb.png,14.65,8f113c5f-0ad0-41ce-ba87-d09a1309d2ba,0
1649679807422\snail_linrgb.png,1649679807422\snail_srgb.png,1649679807422\snail_srgb.png,8.968,31db90e1-a810-4892-bf95-7ea21809f1e4,0
1649679807422\snail_lab.png,1649679807422\snail_srgb.png,1649679807422\snail_srgb.png,10.633,31db90e1-a810-4892-bf95-7ea21809f1e4,0
1649679807422\snail_srgb.png,1649679807422\snail_lab.png,1649679807422\snail_srgb.png,6.874,31db90e1-a810-4892-bf95-7ea21809f1e4,1
1649679807422\snail_lab.png,1649679807422\snail_linrgb.png,1649679807422\snail_lab.png,9.408,31db90e1-a810-4892-bf95-7ea21809f1e4,0
1649679807422\bird_bicubic.png,1649679807422\bird_lanczos3.png,1649679807422\bird_bicubic.png,12.862,31db90e1-a810-4892-bf95-7ea21809f1e4,0
1649679807422\bird_bilinear.png,1649679807422\bird_bicubic.png,1649679807422\bird_bicubic.png,9.607,31db90e1-a810-4892-bf95-7ea21809f1e4,0
1649679807422\bird_bicubic.png,1649679807422\bird_bilinear.png,1649679807422\bird_bicubic.png,4.15,31db90e1-a810-4892-bf95-7ea21809f1e4,1
1649679807422\bird_bilinear.png,1649679807422\bird_lanczos3.png,1649679807422\bird_lanczos3.png,5.171,31db90e1-a810-4892-bf95-7ea21809f1e4,0
1649679807422\bird_ogniewski.png,1649679807422\bird_lanczos3.png,1649679807422\bird_lanczos3.png,11.166,31db90e1-a810-4892-bf95-7ea21809f1e4,0
1649679807422\bird_bilinear.png,1649679807422\bird_ogniewski.png,1649679807422\bird_bilinear.png,5.3,31db90e1-a810-4892-bf95-7ea21809f1e4,0
1649679807422\bus_bilinear.png,1649679807422\bus_ogniewski.png,1649679807422\bus_ogniewski.png,35.79,31db90e1-a810-4892-bf95-7ea21809f1e4,0
1649679807422\bus_ogniewski.png,1649679807422\bus_bilinear.png,1649679807422\bus_ogniewski.png,22.729,31db90e1-a810-4892-bf95-7ea21809f1e4,1
1649679807422\bus_bicubic.png,1649679807422\bus_ogniewski.png,1649679807422\bus_bicubic.png,41.32,31db90e1-a810-4892-bf95-7ea21809f1e4,0
1649679807422\bus_ogniewski.png,1649679807422\bus_lanczos3.png,1649679807422\bus_ogniewski.png,5.681,31db90e1-a810-4892-bf95-7ea21809f1e4,0
1649679807422\bus_bilinear.png,1649679807422\bus_lanczos3.png,1649679807422\bus_lanczos3.png,39.781,31db90e1-a810-4892-bf95-7ea21809f1e4,0
1649679807422\interpsmolking_lanczos3.png,1649679807422\interpsmolking_ogniewski.png,1649679807422\interpsmolking_ogniewski.png,20.796,31db90e1-a810-4892-bf95-7ea21809f1e4,0
1649679807422\interpsmolking_ogniewski.png,1649679807422\interpsmolking_lanczos3.png,1649679807422\interpsmolking_ogniewski.png,2.987,31db90e1-a810-4892-bf95-7ea21809f1e4,1
1649679807422\interpsmolking_bicubic.png,1649679807422\interpsmolking_ogniewski.png,1649679807422\interpsmolking_bicubic.png,11.92,31db90e1-a810-4892-bf95-7ea21809f1e4,0
1649679807422\interpsmolking_ogniewski.png,1649679807422\interpsmolking_bilinear.png,1649679807422\interpsmolking_ogniewski.png,27.774,31db90e1-a810-4892-bf95-7ea21809f1e4,0
1649679807422\interpsmolking_lanczos3.png,1649679807422\interpsmolking_bilinear.png,1649679807422\interpsmolking_bilinear.png,2.124,31db90e1-a810-4892-bf95-7ea21809f1e4,0
1649679807422\mushroom_bilinear.png,1649679807422\mushroom_lanczos3.png,1649679807422\mushroom_lanczos3.png,40.72,31db90e1-a810-4892-bf95-7ea21809f1e4,0
1649679807422\mushroom_bicubic.png,1649679807422\mushroom_lanczos3.png,1649679807422\mushroom_bicubic.png,8.501,31db90e1-a810-4892-bf95-7ea21809f1e4,0
1649679807422\mushroom_lanczos3.png,1649679807422\mushroom_bicubic.png,1649679807422\mushroom_lanczos3.png,4.19,31db90e1-a810-4892-bf95-7ea21809f1e4,1
1649679807422\mushroom_lanczos3.png,1649679807422\mushroom_ogniewski.png,1649679807422\mushroom_ogniewski.png,26.487,31db90e1-a810-4892-bf95-7ea21809f1e4,0
1649679807422\mushroom_ogniewski.png,1649679807422\mushroom_bicubic.png,1649679807422\mushroom_ogniewski.png,10.008,31db90e1-a810-4892-bf95-7ea21809f1e4,0
1649679807422\smolking_lab.png,1649679807422\smolking_linrgb.png,1649679807422\smolking_lab.png,39.179,31db90e1-a810-4892-bf95-7ea21809f1e4,0
1649679807422\smolking_srgb.png,1649679807422\smolking_lab.png,1649679807422\smolking_lab.png,34.322,31db90e1-a810-4892-bf95-7ea21809f1e4,0
1649679807422\smolking_linrgb.png,1649679807422\smolking_srgb.png,1649679807422\smolking_srgb.png,11.39,31db90e1-a810-4892-bf95-7ea21809f1e4,0
1649679807422\smolking_srgb.png,1649679807422\smolking_linrgb.png,1649679807422\smolking_srgb.png,10.166,31db90e1-a810-4892-bf95-7ea21809f1e4,1
1649679807422\snail_srgb.png,1649679807422\snail_linrgb.png,1649679807422\snail_srgb.png,4.779,2fcffd32-14d6-4f47-8275-54345aaf7508,0
1649679807422\snail_linrgb.png,1649679807422\snail_srgb.png,1649679807422\snail_linrgb.png,1.695,2fcffd32-14d6-4f47-8275-54345aaf7508,1
1649679807422\snail_lab.png,1649679807422\snail_srgb.png,1649679807422\snail_srgb.png,2.774,2fcffd32-14d6-4f47-8275-54345aaf7508,0
1649679807422\snail_linrgb.png,1649679807422\snail_lab.png,1649679807422\snail_linrgb.png,3.218,2fcffd32-14d6-4f47-8275-54345aaf7508,0
1649679807422\bird_bilinear.png,1649679807422\bird_bicubic.png,1649679807422\bird_bicubic.png,5.946,2fcffd32-14d6-4f47-8275-54345aaf7508,0
1649679807422\bird_bicubic.png,1649679807422\bird_ogniewski.png,1649679807422\bird_bicubic.png,3.936,2fcffd32-14d6-4f47-8275-54345aaf7508,0
1649679807422\bird_bilinear.png,1649679807422\bird_ogniewski.png,1649679807422\bird_bilinear.png,1.096,2fcffd32-14d6-4f47-8275-54345aaf7508,0
1649679807422\bird_ogniewski.png,1649679807422\bird_bilinear.png,1649679807422\bird_ogniewski.png,2.535,2fcffd32-14d6-4f47-8275-54345aaf7508,1
1649679807422\bird_lanczos3.png,1649679807422\bird_bilinear.png,1649679807422\bird_lanczos3.png,1.081,2fcffd32-14d6-4f47-8275-54345aaf7508,0
1649679807422\bird_lanczos3.png,1649679807422\bird_bicubic.png,1649679807422\bird_bicubic.png,1.512,2fcffd32-14d6-4f47-8275-54345aaf7508,0
1649679807422\bus_lanczos3.png,1649679807422\bus_ogniewski.png,1649679807422\bus_lanczos3.png,18.749,2fcffd32-14d6-4f47-8275-54345aaf7508,0
1649679807422\bus_lanczos3.png,1649679807422\bus_bilinear.png,1649679807422\bus_lanczos3.png,6.731,2fcffd32-14d6-4f47-8275-54345aaf7508,0
1649679807422\bus_ogniewski.png,1649679807422\bus_bilinear.png,1649679807422\bus_ogniewski.png,6.976,2fcffd32-14d6-4f47-8275-54345aaf7508,0
1649679807422\bus_bicubic.png,1649679807422\bus_ogniewski.png,1649679807422\bus_bicubic.png,9.874,2fcffd32-14d6-4f47-8275-54345aaf7508,0
1649679807422\bus_bicubic.png,1649679807422\bus_lanczos3.png,1649679807422\bus_lanczos3.png,2.543,2fcffd32-14d6-4f47-8275-54345aaf7508,0
1649679807422\bus_lanczos3.png,1649679807422\bus_bicubic.png,1649679807422\bus_lanczos3.png,1.311,2fcffd32-14d6-4f47-8275-54345aaf7508,1
1649679807422\interpsmolking_bilinear.png,1649679807422\interpsmolking_ogniewski.png,1649679807422\interpsmolking_ogniewski.png,2.909,2fcffd32-14d6-4f47-8275-54345aaf7508,0
1649679807422\interpsmolking_ogniewski.png,1649679807422\interpsmolking_lanczos3.png,1649679807422\interpsmolking_ogniewski.png,1.754,2fcffd32-14d6-4f47-8275-54345aaf7508,0
1649679807422\interpsmolking_bilinear.png,1649679807422\interpsmolking_lanczos3.png,1649679807422\interpsmolking_bilinear.png,1.185,2fcffd32-14d6-4f47-8275-54345aaf7508,0
1649679807422\interpsmolking_lanczos3.png,1649679807422\interpsmolking_bilinear.png,1649679807422\interpsmolking_lanczos3.png,1.237,2fcffd32-14d6-4f47-8275-54345aaf7508,1
1649679807422\interpsmolking_bilinear.png,1649679807422\interpsmolking_bicubic.png,1649679807422\interpsmolking_bilinear.png,1.708,2fcffd32-14d6-4f47-8275-54345aaf7508,0
1649679807422\interpsmolking_bicubic.png,1649679807422\interpsmolking_lanczos3.png,1649679807422\interpsmolking_bicubic.png,1.905,2fcffd32-14d6-4f47-8275-54345aaf7508,0
1649679807422\mushroom_lanczos3.png,1649679807422\mushroom_bicubic.png,1649679807422\mushroom_bicubic.png,5.57,2fcffd32-14d6-4f47-8275-54345aaf7508,0
1649679807422\mushroom_bicubic.png,1649679807422\mushroom_lanczos3.png,1649679807422\mushroom_bicubic.png,1.359,2fcffd32-14d6-4f47-8275-54345aaf7508,1
1649679807422\mushroom_bicubic.png,1649679807422\mushroom_bilinear.png,1649679807422\mushroom_bicubic.png,5.338,2fcffd32-14d6-4f47-8275-54345aaf7508,0
1649679807422\mushroom_lanczos3.png,1649679807422\mushroom_bilinear.png,1649679807422\mushroom_bilinear.png,1.756,2fcffd32-14d6-4f47-8275-54345aaf7508,0
1649679807422\mushroom_bilinear.png,1649679807422\mushroom_ogniewski.png,1649679807422\mushroom_ogniewski.png,1.727,2fcffd32-14d6-4f47-8275-54345aaf7508,0
1649679807422\mushroom_bicubic.png,1649679807422\mushroom_ogniewski.png,1649679807422\mushroom_bicubic.png,3.183,2fcffd32-14d6-4f47-8275-54345aaf7508,0
1649679807422\smolking_lab.png,1649679807422\smolking_srgb.png,1649679807422\smolking_srgb.png,24.6,2fcffd32-14d6-4f47-8275-54345aaf7508,0
1649679807422\smolking_srgb.png,1649679807422\smolking_lab.png,1649679807422\smolking_srgb.png,5.749,2fcffd32-14d6-4f47-8275-54345aaf7508,1
1649679807422\smolking_srgb.png,1649679807422\smolking_linrgb.png,1649679807422\smolking_srgb.png,8.584,2fcffd32-14d6-4f47-8275-54345aaf7508,0
1649679807422\smolking_linrgb.png,1649679807422\smolking_lab.png,1649679807422\smolking_lab.png,3.033,2fcffd32-14d6-4f47-8275-54345aaf7508,0
1649679807422\snail_linrgb.png,1649679807422\snail_lab.png,1649679807422\snail_linrgb.png,9.074,2153a579-642c-4640-81e6-c27811d1a46d,0
1649679807422\snail_srgb.png,1649679807422\snail_linrgb.png,1649679807422\snail_srgb.png,5.746,2153a579-642c-4640-81e6-c27811d1a46d,0
1649679807422\bird_lanczos3.png,1649679807422\bird_bilinear.png,1649679807422\bird_lanczos3.png,8.027,2153a579-642c-4640-81e6-c27811d1a46d,0
1649679807422\bird_bilinear.png,1649679807422\bird_lanczos3.png,1649679807422\bird_bilinear.png,4.803,2153a579-642c-4640-81e6-c27811d1a46d,1
1649679807422\bird_lanczos3.png,1649679807422\bird_bicubic.png,1649679807422\bird_bicubic.png,10.969,2153a579-642c-4640-81e6-c27811d1a46d,0
1649679807422\bird_lanczos3.png,1649679807422\bird_ogniewski.png,1649679807422\bird_lanczos3.png,2.594,2153a579-642c-4640-81e6-c27811d1a46d,0
1649679807422\bird_ogniewski.png,1649679807422\bird_bilinear.png,1649679807422\bird_bilinear.png,2.674,2153a579-642c-4640-81e6-c27811d1a46d,0
1649679807422\bus_bicubic.png,1649679807422\bus_lanczos3.png,1649679807422\bus_bicubic.png,24.511,2153a579-642c-4640-81e6-c27811d1a46d,0
1649679807422\bus_bicubic.png,1649679807422\bus_bilinear.png,1649679807422\bus_bicubic.png,9.003,2153a579-642c-4640-81e6-c27811d1a46d,0
1649679807422\bus_lanczos3.png,1649679807422\bus_bilinear.png,1649679807422\bus_lanczos3.png,13.978,2153a579-642c-4640-81e6-c27811d1a46d,0
1649679807422\bus_lanczos3.png,1649679807422\bus_ogniewski.png,1649679807422\bus_ogniewski.png,3.64,2153a579-642c-4640-81e6-c27811d1a46d,0
1649679807422\bus_bicubic.png,1649679807422\bus_ogniewski.png,1649679807422\bus_bicubic.png,4.091,2153a579-642c-4640-81e6-c27811d1a46d,0
1649679807422\bus_ogniewski.png,1649679807422\bus_bicubic.png,1649679807422\bus_ogniewski.png,6.928,2153a579-642c-4640-81e6-c27811d1a46d,1
1649679807422\interpsmolking_bicubic.png,1649679807422\interpsmolking_lanczos3.png,1649679807422\interpsmolking_bicubic.png,4.384,2153a579-642c-4640-81e6-c27811d1a46d,0
1649679807422\interpsmolking_bicubic.png,1649679807422\interpsmolking_bilinear.png,1649679807422\interpsmolking_bilinear.png,5.488,2153a579-642c-4640-81e6-c27811d1a46d,0
1649679807422\interpsmolking_ogniewski.png,1649679807422\interpsmolking_bicubic.png,1649679807422\interpsmolking_ogniewski.png,2.636,2153a579-642c-4640-81e6-c27811d1a46d,0
1649679807422\interpsmolking_bicubic.png,1649679807422\interpsmolking_ogniewski.png,1649679807422\interpsmolking_bicubic.png,4.547,2153a579-642c-4640-81e6-c27811d1a46d,1
1649679807422\interpsmolking_ogniewski.png,1649679807422\interpsmolking_bilinear.png,1649679807422\interpsmolking_ogniewski.png,2.88,2153a579-642c-4640-81e6-c27811d1a46d,0
1649679807422\mushroom_lanczos3.png,1649679807422\mushroom_ogniewski.png,1649679807422\mushroom_ogniewski.png,1.67,2153a579-642c-4640-81e6-c27811d1a46d,0
1649679807422\mushroom_bilinear.png,1649679807422\mushroom_ogniewski.png,1649679807422\mushroom_ogniewski.png,3.305,2153a579-642c-4640-81e6-c27811d1a46d,0
1649679807422\mushroom_ogniewski.png,1649679807422\mushroom_bilinear.png,1649679807422\mushroom_ogniewski.png,2.828,2153a579-642c-4640-81e6-c27811d1a46d,1
1649679807422\mushroom_lanczos3.png,1649679807422\mushroom_bilinear.png,1649679807422\mushroom_bilinear.png,3.422,2153a579-642c-4640-81e6-c27811d1a46d,0
1649679807422\mushroom_bicubic.png,1649679807422\mushroom_bilinear.png,1649679807422\mushroom_bicubic.png,6.66,2153a579-642c-4640-81e6-c27811d1a46d,0
1649679807422\mushroom_bicubic.png,1649679807422\mushroom_ogniewski.png,1649679807422\mushroom_ogniewski.png,3.448,2153a579-642c-4640-81e6-c27811d1a46d,0
1649679807422\smolking_linrgb.png,1649679807422\smolking_lab.png,1649679807422\smolking_lab.png,3.314,2153a579-642c-4640-81e6-c27811d1a46d,0
1649679807422\smolking_lab.png,1649679807422\smolking_srgb.png,1649679807422\smolking_srgb.png,8.487,2153a579-642c-4640-81e6-c27811d1a46d,0
1649679807422\snail_srgb.png,1649679807422\snail_lab.png,1649679807422\snail_srgb.png,4.097,621a9652-1218-49c0-9f4e-92f55f0a8d2f,0
1649679807422\snail_srgb.png,1649679807422\snail_linrgb.png,1649679807422\snail_srgb.png,2.252,621a9652-1218-49c0-9f4e-92f55f0a8d2f,0
1649679807422\snail_linrgb.png,1649679807422\snail_srgb.png,1649679807422\snail_linrgb.png,1.818,621a9652-1218-49c0-9f4e-92f55f0a8d2f,1
1649679807422\snail_linrgb.png,1649679807422\snail_lab.png,1649679807422\snail_linrgb.png,2.153,621a9652-1218-49c0-9f4e-92f55f0a8d2f,0
1649679807422\bird_bicubic.png,1649679807422\bird_ogniewski.png,1649679807422\bird_bicubic.png,5.703,621a9652-1218-49c0-9f4e-92f55f0a8d2f,0
1649679807422\bird_bicubic.png,1649679807422\bird_lanczos3.png,1649679807422\bird_lanczos3.png,25.247,621a9652-1218-49c0-9f4e-92f55f0a8d2f,0
1649679807422\bird_lanczos3.png,1649679807422\bird_bicubic.png,1649679807422\bird_lanczos3.png,3.422,621a9652-1218-49c0-9f4e-92f55f0a8d2f,1
1649679807422\bird_bicubic.png,1649679807422\bird_bilinear.png,1649679807422\bird_bicubic.png,4.342,621a9652-1218-49c0-9f4e-92f55f0a8d2f,0
1649679807422\bird_bilinear.png,1649679807422\bird_ogniewski.png,1649679807422\bird_bilinear.png,3.084,621a9652-1218-49c0-9f4e-92f55f0a8d2f,0
1649679807422\bus_lanczos3.png,1649679807422\bus_bicubic.png,1649679807422\bus_lanczos3.png,33.712,621a9652-1218-49c0-9f4e-92f55f0a8d2f,0
1649679807422\bus_ogniewski.png,1649679807422\bus_lanczos3.png,1649679807422\bus_ogniewski.png,6.469,621a9652-1218-49c0-9f4e-92f55f0a8d2f,0
1649679807422\bus_bilinear.png,1649679807422\bus_lanczos3.png,1649679807422\bus_bilinear.png,5.92,621a9652-1218-49c0-9f4e-92f55f0a8d2f,0
1649679807422\bus_lanczos3.png,1649679807422\bus_bilinear.png,1649679807422\bus_lanczos3.png,4.419,621a9652-1218-49c0-9f4e-92f55f0a8d2f,1
1649679807422\bus_bilinear.png,1649679807422\bus_ogniewski.png,1649679807422\bus_ogniewski.png,7.661,621a9652-1218-49c0-9f4e-92f55f0a8d2f,0
1649679807422\interpsmolking_lanczos3.png,1649679807422\interpsmolking_bilinear.png,1649679807422\interpsmolking_bilinear.png,3.822,621a9652-1218-49c0-9f4e-92f55f0a8d2f,0
1649679807422\interpsmolking_ogniewski.png,1649679807422\interpsmolking_bilinear.png,1649679807422\interpsmolking_ogniewski.png,2.559,621a9652-1218-49c0-9f4e-92f55f0a8d2f,0
1649679807422\interpsmolking_bicubic.png,1649679807422\interpsmolking_bilinear.png,1649679807422\interpsmolking_bicubic.png,2.629,621a9652-1218-49c0-9f4e-92f55f0a8d2f,0
1649679807422\interpsmolking_bicubic.png,1649679807422\interpsmolking_ogniewski.png,1649679807422\interpsmolking_bicubic.png,8.818,621a9652-1218-49c0-9f4e-92f55f0a8d2f,0
1649679807422\interpsmolking_ogniewski.png,1649679807422\interpsmolking_bicubic.png,1649679807422\interpsmolking_ogniewski.png,2.421,621a9652-1218-49c0-9f4e-92f55f0a8d2f,1
1649679807422\mushroom_bilinear.png,1649679807422\mushroom_lanczos3.png,1649679807422\mushroom_bilinear.png,2.534,621a9652-1218-49c0-9f4e-92f55f0a8d2f,0
1649679807422\mushroom_ogniewski.png,1649679807422\mushroom_bilinear.png,1649679807422\mushroom_ogniewski.png,2.484,621a9652-1218-49c0-9f4e-92f55f0a8d2f,0
1649679807422\mushroom_bilinear.png,1649679807422\mushroom_ogniewski.png,1649679807422\mushroom_bilinear.png,8.583,621a9652-1218-49c0-9f4e-92f55f0a8d2f,1
1649679807422\mushroom_bilinear.png,1649679807422\mushroom_bicubic.png,1649679807422\mushroom_bilinear.png,5.068,621a9652-1218-49c0-9f4e-92f55f0a8d2f,0
1649679807422\mushroom_bicubic.png,1649679807422\mushroom_lanczos3.png,1649679807422\mushroom_bicubic.png,3.234,621a9652-1218-49c0-9f4e-92f55f0a8d2f,0
1649679807422\smolking_linrgb.png,1649679807422\smolking_srgb.png,1649679807422\smolking_srgb.png,24.767,621a9652-1218-49c0-9f4e-92f55f0a8d2f,0
1649679807422\smolking_lab.png,1649679807422\smolking_srgb.png,1649679807422\smolking_srgb.png,19.524,621a9652-1218-49c0-9f4e-92f55f0a8d2f,0
1649679807422\smolking_lab.png,1649679807422\smolking_linrgb.png,1649679807422\smolking_linrgb.png,3.613,621a9652-1218-49c0-9f4e-92f55f0a8d2f,0
1649679807422\smolking_linrgb.png,1649679807422\smolking_lab.png,1649679807422\smolking_linrgb.png,4.56,621a9652-1218-49c0-9f4e-92f55f0a8d2f,1
1649679807422\snail_linrgb.png,1649679807422\snail_lab.png,1649679807422\snail_lab.png,9.645,81d3e621-0520-4616-9832-f2c906479581,0
1649679807422\snail_lab.png,1649679807422\snail_srgb.png,1649679807422\snail_srgb.png,5.802,81d3e621-0520-4616-9832-f2c906479581,0
1649679807422\bird_bicubic.png,1649679807422\bird_ogniewski.png,1649679807422\bird_bicubic.png,7.158,81d3e621-0520-4616-9832-f2c906479581,0
1649679807422\bird_bicubic.png,1649679807422\bird_lanczos3.png,1649679807422\bird_lanczos3.png,4.174,81d3e621-0520-4616-9832-f2c906479581,0
1649679807422\bird_lanczos3.png,1649679807422\bird_bicubic.png,1649679807422\bird_lanczos3.png,8.169,81d3e621-0520-4616-9832-f2c906479581,1
1649679807422\bird_bilinear.png,1649679807422\bird_bicubic.png,1649679807422\bird_bilinear.png,8.405,81d3e621-0520-4616-9832-f2c906479581,0
1649679807422\bird_lanczos3.png,1649679807422\bird_bilinear.png,1649679807422\bird_lanczos3.png,2.738,81d3e621-0520-4616-9832-f2c906479581,0
1649679807422\bus_bilinear.png,1649679807422\bus_ogniewski.png,1649679807422\bus_bilinear.png,14.655,81d3e621-0520-4616-9832-f2c906479581,0
1649679807422\bus_bicubic.png,1649679807422\bus_bilinear.png,1649679807422\bus_bilinear.png,11.396,81d3e621-0520-4616-9832-f2c906479581,0
1649679807422\bus_bicubic.png,1649679807422\bus_ogniewski.png,1649679807422\bus_ogniewski.png,4.545,81d3e621-0520-4616-9832-f2c906479581,0
1649679807422\bus_lanczos3.png,1649679807422\bus_ogniewski.png,1649679807422\bus_ogniewski.png,10.519,81d3e621-0520-4616-9832-f2c906479581,0
1649679807422\bus_bicubic.png,1649679807422\bus_lanczos3.png,1649679807422\bus_lanczos3.png,4.793,81d3e621-0520-4616-9832-f2c906479581,0
1649679807422\bus_lanczos3.png,1649679807422\bus_bicubic.png,1649679807422\bus_lanczos3.png,14.22,81d3e621-0520-4616-9832-f2c906479581,1
1649679807422\interpsmolking_lanczos3.png,1649679807422\interpsmolking_bicubic.png,1649679807422\interpsmolking_bicubic.png,4.221,81d3e621-0520-4616-9832-f2c906479581,0
1649679807422\interpsmolking_bicubic.png,1649679807422\interpsmolking_lanczos3.png,1649679807422\interpsmolking_bicubic.png,1.418,81d3e621-0520-4616-9832-f2c906479581,1
1649679807422\interpsmolking_bicubic.png,1649679807422\interpsmolking_bilinear.png,1649679807422\interpsmolking_bilinear.png,8.234,81d3e621-0520-4616-9832-f2c906479581,0
1649679807422\interpsmolking_ogniewski.png,1649679807422\interpsmolking_bicubic.png,1649679807422\interpsmolking_bicubic.png,8.348,81d3e621-0520-4616-9832-f2c906479581,0
1649679807422\interpsmolking_ogniewski.png,1649679807422\interpsmolking_lanczos3.png,1649679807422\interpsmolking_ogniewski.png,3.955,81d3e621-0520-4616-9832-f2c906479581,0
1649679807422\mushroom_bilinear.png,1649679807422\mushroom_ogniewski.png,1649679807422\mushroom_ogniewski.png,8.882,81d3e621-0520-4616-9832-f2c906479581,0
1649679807422\mushroom_ogniewski.png,1649679807422\mushroom_bilinear.png,1649679807422\mushroom_ogniewski.png,4.28,81d3e621-0520-4616-9832-f2c906479581,1
1649679807422\mushroom_lanczos3.png,1649679807422\mushroom_ogniewski.png,1649679807422\mushroom_ogniewski.png,3.2,81d3e621-0520-4616-9832-f2c906479581,0
1649679807422\mushroom_lanczos3.png,1649679807422\mushroom_bilinear.png,1649679807422\mushroom_bilinear.png,1.615,81d3e621-0520-4616-9832-f2c906479581,0
1649679807422\mushroom_bilinear.png,1649679807422\mushroom_bicubic.png,1649679807422\mushroom_bicubic.png,3.064,81d3e621-0520-4616-9832-f2c906479581,0
1649679807422\mushroom_ogniewski.png,1649679807422\mushroom_bicubic.png,1649679807422\mushroom_ogniewski.png,4.941,81d3e621-0520-4616-9832-f2c906479581,0
1649679807422\smolking_linrgb.png,1649679807422\smolking_srgb.png,1649679807422\smolking_linrgb.png,11.21,81d3e621-0520-4616-9832-f2c906479581,0
1649679807422\smolking_srgb.png,1649679807422\smolking_linrgb.png,1649679807422\smolking_srgb.png,4.098,81d3e621-0520-4616-9832-f2c906479581,1
1649679807422\smolking_linrgb.png,1649679807422\smolking_lab.png,1649679807422\smolking_linrgb.png,3.839,81d3e621-0520-4616-9832-f2c906479581,0
1649679807422\smolking_srgb.png,1649679807422\smolking_lab.png,1649679807422\smolking_srgb.png,6.78,81d3e621-0520-4616-9832-f2c906479581,0
1649679807422\snail_lab.png,1649679807422\snail_srgb.png,1649679807422\snail_lab.png,11.524,dd04a764-7576-4e58-a80d-576d52319c0a,0
1649679807422\snail_linrgb.png,1649679807422\snail_lab.png,1649679807422\snail_linrgb.png,3.705,dd04a764-7576-4e58-a80d-576d52319c0a,0
1649679807422\bird_ogniewski.png,1649679807422\bird_lanczos3.png,1649679807422\bird_ogniewski.png,31.547,dd04a764-7576-4e58-a80d-576d52319c0a,0
1649679807422\bird_lanczos3.png,1649679807422\bird_ogniewski.png,1649679807422\bird_lanczos3.png,3.2,dd04a764-7576-4e58-a80d-576d52319c0a,1
1649679807422\bird_ogniewski.png,1649679807422\bird_bicubic.png,1649679807422\bird_bicubic.png,4.528,dd04a764-7576-4e58-a80d-576d52319c0a,0
1649679807422\bird_bilinear.png,1649679807422\bird_ogniewski.png,1649679807422\bird_ogniewski.png,13.859,dd04a764-7576-4e58-a80d-576d52319c0a,0
1649679807422\bird_bilinear.png,1649679807422\bird_lanczos3.png,1649679807422\bird_bilinear.png,3.74,dd04a764-7576-4e58-a80d-576d52319c0a,0
1649679807422\bus_bicubic.png,1649679807422\bus_lanczos3.png,1649679807422\bus_lanczos3.png,25.399,dd04a764-7576-4e58-a80d-576d52319c0a,0
1649679807422\bus_lanczos3.png,1649679807422\bus_ogniewski.png,1649679807422\bus_lanczos3.png,4.17,dd04a764-7576-4e58-a80d-576d52319c0a,0
1649679807422\bus_ogniewski.png,1649679807422\bus_lanczos3.png,1649679807422\bus_ogniewski.png,6.05,dd04a764-7576-4e58-a80d-576d52319c0a,1
1649679807422\bus_bicubic.png,1649679807422\bus_ogniewski.png,1649679807422\bus_bicubic.png,10.956,dd04a764-7576-4e58-a80d-576d52319c0a,0
1649679807422\bus_bilinear.png,1649679807422\bus_bicubic.png,1649679807422\bus_bicubic.png,4.012,dd04a764-7576-4e58-a80d-576d52319c0a,0
1649679807422\bus_ogniewski.png,1649679807422\bus_bilinear.png,1649679807422\bus_ogniewski.png,5.467,dd04a764-7576-4e58-a80d-576d52319c0a,0
1649679807422\interpsmolking_lanczos3.png,1649679807422\interpsmolking_bicubic.png,1649679807422\interpsmolking_bicubic.png,6.166,dd04a764-7576-4e58-a80d-576d52319c0a,0
1649679807422\interpsmolking_ogniewski.png,1649679807422\interpsmolking_bicubic.png,1649679807422\interpsmolking_ogniewski.png,4.149,dd04a764-7576-4e58-a80d-576d52319c0a,0
1649679807422\interpsmolking_bicubic.png,1649679807422\interpsmolking_bilinear.png,1649679807422\interpsmolking_bicubic.png,5.06,dd04a764-7576-4e58-a80d-576d52319c0a,0
1649679807422\interpsmolking_bilinear.png,1649679807422\interpsmolking_bicubic.png,1649679807422\interpsmolking_bilinear.png,9.014,dd04a764-7576-4e58-a80d-576d52319c0a,1
1649679807422\interpsmolking_bilinear.png,1649679807422\interpsmolking_lanczos3.png,1649679807422\interpsmolking_bilinear.png,2.996,dd04a764-7576-4e58-a80d-576d52319c0a,0
1649679807422\mushroom_lanczos3.png,1649679807422\mushroom_bicubic.png,1649679807422\mushroom_bicubic.png,4.986,dd04a764-7576-4e58-a80d-576d52319c0a,0
1649679807422\mushroom_ogniewski.png,1649679807422\mushroom_bicubic.png,1649679807422\mushroom_ogniewski.png,13.893,dd04a764-7576-4e58-a80d-576d52319c0a,0
1649679807422\mushroom_bicubic.png,1649679807422\mushroom_ogniewski.png,1649679807422\mushroom_bicubic.png,4.527,dd04a764-7576-4e58-a80d-576d52319c0a,1
1649679807422\mushroom_bicubic.png,1649679807422\mushroom_bilinear.png,1649679807422\mushroom_bicubic.png,3.914,dd04a764-7576-4e58-a80d-576d52319c0a,0
1649679807422\mushroom_lanczos3.png,1649679807422\mushroom_bilinear.png,1649679807422\mushroom_bilinear.png,3.633,dd04a764-7576-4e58-a80d-576d52319c0a,0
1649679807422\smolking_linrgb.png,1649679807422\smolking_lab.png,1649679807422\smolking_lab.png,6.709,dd04a764-7576-4e58-a80d-576d52319c0a,0
1649679807422\smolking_srgb.png,1649679807422\smolking_lab.png,1649679807422\smolking_lab.png,30.77,dd04a764-7576-4e58-a80d-576d52319c0a,0
1649679807422\smolking_lab.png,1649679807422\smolking_srgb.png,1649679807422\smolking_lab.png,4.349,dd04a764-7576-4e58-a80d-576d52319c0a,1
1649679807422\smolking_srgb.png,1649679807422\smolking_linrgb.png,1649679807422\smolking_linrgb.png,13.679,dd04a764-7576-4e58-a80d-576d52319c0a,0
1649679807422\snail_linrgb.png,1649679807422\snail_srgb.png,1649679807422\snail_srgb.png,10.613,ab6ed4b9-4065-4d66-a532-b6f5f07d7de1,0
1649679807422\snail_srgb.png,1649679807422\snail_lab.png,1649679807422\snail_srgb.png,18.831,ab6ed4b9-4065-4d66-a532-b6f5f07d7de1,0
1649679807422\snail_linrgb.png,1649679807422\snail_lab.png,1649679807422\snail_lab.png,11.651,ab6ed4b9-4065-4d66-a532-b6f5f07d7de1,0
1649679807422\snail_lab.png,1649679807422\snail_linrgb.png,1649679807422\snail_lab.png,5.358,ab6ed4b9-4065-4d66-a532-b6f5f07d7de1,1
1649679807422\bird_ogniewski.png,1649679807422\bird_bicubic.png,1649679807422\bird_bicubic.png,17.358,ab6ed4b9-4065-4d66-a532-b6f5f07d7de1,0
1649679807422\bird_bicubic.png,1649679807422\bird_lanczos3.png,1649679807422\bird_lanczos3.png,14.284,ab6ed4b9-4065-4d66-a532-b6f5f07d7de1,0
1649679807422\bird_bilinear.png,1649679807422\bird_bicubic.png,1649679807422\bird_bicubic.png,6.313,ab6ed4b9-4065-4d66-a532-b6f5f07d7de1,0
1649679807422\bird_bicubic.png,1649679807422\bird_bilinear.png,1649679807422\bird_bicubic.png,7.919,ab6ed4b9-4065-4d66-a532-b6f5f07d7de1,1
1649679807422\bird_bilinear.png,1649679807422\bird_ogniewski.png,1649679807422\bird_bilinear.png,8.775,ab6ed4b9-4065-4d66-a532-b6f5f07d7de1,0
1649679807422\bus_bicubic.png,1649679807422\bus_lanczos3.png,1649679807422\bus_lanczos3.png,23.749,ab6ed4b9-4065-4d66-a532-b6f5f07d7de1,0
1649679807422\bus_ogniewski.png,1649679807422\bus_lanczos3.png,1649679807422\bus_ogniewski.png,20.278,ab6ed4b9-4065-4d66-a532-b6f5f07d7de1,0
1649679807422\bus_lanczos3.png,1649679807422\bus_ogniewski.png,1649679807422\bus_lanczos3.png,12.18,ab6ed4b9-4065-4d66-a532-b6f5f07d7de1,1
1649679807422\bus_lanczos3.png,1649679807422\bus_bilinear.png,1649679807422\bus_lanczos3.png,15.981,ab6ed4b9-4065-4d66-a532-b6f5f07d7de1,0
1649679807422\bus_bilinear.png,1649679807422\bus_bicubic.png,1649679807422\bus_bilinear.png,11.238,ab6ed4b9-4065-4d66-a532-b6f5f07d7de1,0
1649679807422\interpsmolking_ogniewski.png,1649679807422\interpsmolking_bilinear.png,1649679807422\interpsmolking_ogniewski.png,20.516,ab6ed4b9-4065-4d66-a532-b6f5f07d7de1,0
1649679807422\interpsmolking_bicubic.png,1649679807422\interpsmolking_ogniewski.png,1649679807422\interpsmolking_ogniewski.png,30.382,ab6ed4b9-4065-4d66-a532-b6f5f07d7de1,0
1649679807422\interpsmolking_bilinear.png,1649679807422\interpsmolking_bicubic.png,1649679807422\interpsmolking_bicubic.png,18.625,ab6ed4b9-4065-4d66-a532-b6f5f07d7de1,0
1649679807422\interpsmolking_lanczos3.png,1649679807422\interpsmolking_bicubic.png,1649679807422\interpsmolking_bicubic.png,7.528,ab6ed4b9-4065-4d66-a532-b6f5f07d7de1,0
1649679807422\interpsmolking_bicubic.png,1649679807422\interpsmolking_lanczos3.png,1649679807422\interpsmolking_bicubic.png,5.624,ab6ed4b9-4065-4d66-a532-b6f5f07d7de1,1
1649679807422\interpsmolking_bilinear.png,1649679807422\interpsmolking_lanczos3.png,1649679807422\interpsmolking_bilinear.png,8.594,ab6ed4b9-4065-4d66-a532-b6f5f07d7de1,0
1649679807422\mushroom_bilinear.png,1649679807422\mushroom_lanczos3.png,1649679807422\mushroom_bilinear.png,12.866,ab6ed4b9-4065-4d66-a532-b6f5f07d7de1,0
1649679807422\mushroom_ogniewski.png,1649679807422\mushroom_bilinear.png,1649679807422\mushroom_ogniewski.png,10.623,ab6ed4b9-4065-4d66-a532-b6f5f07d7de1,0
1649679807422\mushroom_bicubic.png,1649679807422\mushroom_bilinear.png,1649679807422\mushroom_bilinear.png,8.09,ab6ed4b9-4065-4d66-a532-b6f5f07d7de1,0
1649679807422\mushroom_bilinear.png,1649679807422\mushroom_bicubic.png,1649679807422\mushroom_bilinear.png,4.412,ab6ed4b9-4065-4d66-a532-b6f5f07d7de1,1
1649679807422\mushroom_bicubic.png,1649679807422\mushroom_lanczos3.png,1649679807422\mushroom_bicubic.png,11.067,ab6ed4b9-4065-4d66-a532-b6f5f07d7de1,0
1649679807422\smolking_lab.png,1649679807422\smolking_linrgb.png,1649679807422\smolking_lab.png,6.926,ab6ed4b9-4065-4d66-a532-b6f5f07d7de1,0
1649679807422\smolking_srgb.png,1649679807422\smolking_lab.png,1649679807422\smolking_srgb.png,26.809,ab6ed4b9-4065-4d66-a532-b6f5f07d7de1,0
1649679807422\snail_lab.png,1649679807422\snail_srgb.png,1649679807422\snail_lab.png,28.32,94ca6b95-8bde-49d3-82f2-16aa814ab8a5,0
1649679807422\snail_srgb.png,1649679807422\snail_lab.png,1649679807422\snail_srgb.png,4.78,94ca6b95-8bde-49d3-82f2-16aa814ab8a5,1
1649679807422\snail_linrgb.png,1649679807422\snail_lab.png,1649679807422\snail_lab.png,19.848,94ca6b95-8bde-49d3-82f2-16aa814ab8a5,0
1649679807422\snail_linrgb.png,1649679807422\snail_srgb.png,1649679807422\snail_linrgb.png,5.588,94ca6b95-8bde-49d3-82f2-16aa814ab8a5,0
1649679807422\bird_ogniewski.png,1649679807422\bird_bilinear.png,1649679807422\bird_ogniewski.png,25.326,94ca6b95-8bde-49d3-82f2-16aa814ab8a5,0
1649679807422\bird_bilinear.png,1649679807422\bird_ogniewski.png,1649679807422\bird_bilinear.png,10.421,94ca6b95-8bde-49d3-82f2-16aa814ab8a5,1
1649679807422\bird_ogniewski.png,1649679807422\bird_lanczos3.png,1649679807422\bird_ogniewski.png,19.296,94ca6b95-8bde-49d3-82f2-16aa814ab8a5,0
1649679807422\bird_bilinear.png,1649679807422\bird_lanczos3.png,1649679807422\bird_bilinear.png,12.669,94ca6b95-8bde-49d3-82f2-16aa814ab8a5,0
1649679807422\bird_bilinear.png,1649679807422\bird_bicubic.png,1649679807422\bird_bilinear.png,8.828,94ca6b95-8bde-49d3-82f2-16aa814ab8a5,0
1649679807422\bird_lanczos3.png,1649679807422\bird_bicubic.png,1649679807422\bird_bicubic.png,8.848,94ca6b95-8bde-49d3-82f2-16aa814ab8a5,0
1649679807422\bus_lanczos3.png,1649679807422\bus_bilinear.png,1649679807422\bus_bilinear.png,53.745,94ca6b95-8bde-49d3-82f2-16aa814ab8a5,0
1649679807422\bus_bilinear.png,1649679807422\bus_lanczos3.png,1649679807422\bus_bilinear.png,1.797,94ca6b95-8bde-49d3-82f2-16aa814ab8a5,1
1649679807422\bus_ogniewski.png,1649679807422\bus_bilinear.png,1649679807422\bus_ogniewski.png,16.637,94ca6b95-8bde-49d3-82f2-16aa814ab8a5,0
1649679807422\bus_bicubic.png,1649679807422\bus_bilinear.png,1649679807422\bus_bicubic.png,8.259,94ca6b95-8bde-49d3-82f2-16aa814ab8a5,0
1649679807422\bus_ogniewski.png,1649679807422\bus_bicubic.png,1649679807422\bus_bicubic.png,13.476,94ca6b95-8bde-49d3-82f2-16aa814ab8a5,0
1649679807422\interpsmolking_bicubic.png,1649679807422\interpsmolking_ogniewski.png,1649679807422\interpsmolking_ogniewski.png,8.685,94ca6b95-8bde-49d3-82f2-16aa814ab8a5,0
1649679807422\interpsmolking_ogniewski.png,1649679807422\interpsmolking_bicubic.png,1649679807422\interpsmolking_ogniewski.png,2.473,94ca6b95-8bde-49d3-82f2-16aa814ab8a5,1
1649679807422\interpsmolking_bilinear.png,1649679807422\interpsmolking_ogniewski.png,1649679807422\interpsmolking_ogniewski.png,15.742,94ca6b95-8bde-49d3-82f2-16aa814ab8a5,0
1649679807422\interpsmolking_bicubic.png,1649679807422\interpsmolking_bilinear.png,1649679807422\interpsmolking_bilinear.png,8.026,94ca6b95-8bde-49d3-82f2-16aa814ab8a5,0
1649679807422\interpsmolking_bilinear.png,1649679807422\interpsmolking_lanczos3.png,1649679807422\interpsmolking_bilinear.png,4.232,94ca6b95-8bde-49d3-82f2-16aa814ab8a5,0
1649679807422\interpsmolking_lanczos3.png,1649679807422\interpsmolking_bicubic.png,1649679807422\interpsmolking_bicubic.png,6.076,94ca6b95-8bde-49d3-82f2-16aa814ab8a5,0
1649679807422\mushroom_bicubic.png,1649679807422\mushroom_lanczos3.png,1649679807422\mushroom_bicubic.png,5.929,94ca6b95-8bde-49d3-82f2-16aa814ab8a5,0
1649679807422\mushroom_lanczos3.png,1649679807422\mushroom_bicubic.png,1649679807422\mushroom_lanczos3.png,1.51,94ca6b95-8bde-49d3-82f2-16aa814ab8a5,1
1649679807422\mushroom_bicubic.png,1649679807422\mushroom_bilinear.png,1649679807422\mushroom_bicubic.png,11.051,94ca6b95-8bde-49d3-82f2-16aa814ab8a5,0
1649679807422\mushroom_bilinear.png,1649679807422\mushroom_lanczos3.png,1649679807422\mushroom_bilinear.png,5.596,94ca6b95-8bde-49d3-82f2-16aa814ab8a5,0
1649679807422\mushroom_bilinear.png,1649679807422\mushroom_ogniewski.png,1649679807422\mushroom_ogniewski.png,4.976,94ca6b95-8bde-49d3-82f2-16aa814ab8a5,0
1649679807422\mushroom_bicubic.png,1649679807422\mushroom_ogniewski.png,1649679807422\mushroom_ogniewski.png,6.333,94ca6b95-8bde-49d3-82f2-16aa814ab8a5,0
1649679807422\smolking_linrgb.png,1649679807422\smolking_lab.png,1649679807422\smolking_lab.png,23.413,94ca6b95-8bde-49d3-82f2-16aa814ab8a5,0
1649679807422\smolking_srgb.png,1649679807422\smolking_lab.png,1649679807422\smolking_lab.png,13.322,94ca6b95-8bde-49d3-82f2-16aa814ab8a5,0
1649679807422\smolking_linrgb.png,1649679807422\smolking_srgb.png,1649679807422\smolking_srgb.png,4.694,94ca6b95-8bde-49d3-82f2-16aa814ab8a5,0
1649679807422\smolking_srgb.png,1649679807422\smolking_linrgb.png,1649679807422\smolking_srgb.png,2.625,94ca6b95-8bde-49d3-82f2-16aa814ab8a5,1
1649679807422\snail_linrgb.png,1649679807422\snail_lab.png,1649679807422\snail_lab.png,18.563,8c53a4c0-1e3d-4fa3-aa31-ca74c276cd99,0
1649679807422\snail_lab.png,1649679807422\snail_srgb.png,1649679807422\snail_srgb.png,9.784,8c53a4c0-1e3d-4fa3-aa31-ca74c276cd99,0
1649679807422\bird_lanczos3.png,1649679807422\bird_bicubic.png,1649679807422\bird_lanczos3.png,4.979,8c53a4c0-1e3d-4fa3-aa31-ca74c276cd99,0
1649679807422\bird_bicubic.png,1649679807422\bird_lanczos3.png,1649679807422\bird_bicubic.png,17.842,8c53a4c0-1e3d-4fa3-aa31-ca74c276cd99,1
1649679807422\bird_lanczos3.png,1649679807422\bird_ogniewski.png,1649679807422\bird_lanczos3.png,4.281,8c53a4c0-1e3d-4fa3-aa31-ca74c276cd99,0
1649679807422\bird_ogniewski.png,1649679807422\bird_bicubic.png,1649679807422\bird_bicubic.png,6.665,8c53a4c0-1e3d-4fa3-aa31-ca74c276cd99,0
1649679807422\bird_bicubic.png,1649679807422\bird_bilinear.png,1649679807422\bird_bicubic.png,8.729,8c53a4c0-1e3d-4fa3-aa31-ca74c276cd99,0
1649679807422\bird_ogniewski.png,1649679807422\bird_bilinear.png,1649679807422\bird_ogniewski.png,7.78,8c53a4c0-1e3d-4fa3-aa31-ca74c276cd99,0
1649679807422\bus_lanczos3.png,1649679807422\bus_ogniewski.png,1649679807422\bus_lanczos3.png,13.077,8c53a4c0-1e3d-4fa3-aa31-ca74c276cd99,0
1649679807422\bus_lanczos3.png,1649679807422\bus_bilinear.png,1649679807422\bus_lanczos3.png,2.021,8c53a4c0-1e3d-4fa3-aa31-ca74c276cd99,0
1649679807422\bus_bilinear.png,1649679807422\bus_ogniewski.png,1649679807422\bus_ogniewski.png,9.602,8c53a4c0-1e3d-4fa3-aa31-ca74c276cd99,0
1649679807422\bus_ogniewski.png,1649679807422\bus_bilinear.png,1649679807422\bus_ogniewski.png,22.92,8c53a4c0-1e3d-4fa3-aa31-ca74c276cd99,1
1649679807422\bus_ogniewski.png,1649679807422\bus_bicubic.png,1649679807422\bus_bicubic.png,5.535,8c53a4c0-1e3d-4fa3-aa31-ca74c276cd99,0
1649679807422\bus_bicubic.png,1649679807422\bus_lanczos3.png,1649679807422\bus_lanczos3.png,9.777,8c53a4c0-1e3d-4fa3-aa31-ca74c276cd99,0
1649679807422\interpsmolking_lanczos3.png,1649679807422\interpsmolking_ogniewski.png,1649679807422\interpsmolking_lanczos3.png,5.677,8c53a4c0-1e3d-4fa3-aa31-ca74c276cd99,0
1649679807422\interpsmolking_lanczos3.png,1649679807422\interpsmolking_bicubic.png,1649679807422\interpsmolking_lanczos3.png,9.252,8c53a4c0-1e3d-4fa3-aa31-ca74c276cd99,0
1649679807422\interpsmolking_bicubic.png,1649679807422\interpsmolking_ogniewski.png,1649679807422\interpsmolking_bicubic.png,14.114,8c53a4c0-1e3d-4fa3-aa31-ca74c276cd99,0
1649679807422\interpsmolking_ogniewski.png,1649679807422\interpsmolking_bicubic.png,1649679807422\interpsmolking_ogniewski.png,23.471,8c53a4c0-1e3d-4fa3-aa31-ca74c276cd99,1
1649679807422\interpsmolking_bilinear.png,1649679807422\interpsmolking_bicubic.png,1649679807422\interpsmolking_bicubic.png,2.549,8c53a4c0-1e3d-4fa3-aa31-ca74c276cd99,0
1649679807422\interpsmolking_ogniewski.png,1649679807422\interpsmolking_bilinear.png,1649679807422\interpsmolking_ogniewski.png,2.742,8c53a4c0-1e3d-4fa3-aa31-ca74c276cd99,0
1649679807422\mushroom_bilinear.png,1649679807422\mushroom_bicubic.png,1649679807422\mushroom_bicubic.png,3.531,8c53a4c0-1e3d-4fa3-aa31-ca74c276cd99,0
1649679807422\mushroom_bicubic.png,1649679807422\mushroom_bilinear.png,1649679807422\mushroom_bicubic.png,4.507,8c53a4c0-1e3d-4fa3-aa31-ca74c276cd99,1
1649679807422\mushroom_ogniewski.png,1649679807422\mushroom_bicubic.png,1649679807422\mushroom_ogniewski.png,7.848,8c53a4c0-1e3d-4fa3-aa31-ca74c276cd99,0
1649679807422\mushroom_bicubic.png,1649679807422\mushroom_lanczos3.png,1649679807422\mushroom_bicubic.png,3.543,8c53a4c0-1e3d-4fa3-aa31-ca74c276cd99,0
1649679807422\mushroom_bilinear.png,1649679807422\mushroom_lanczos3.png,1649679807422\mushroom_bilinear.png,4.446,8c53a4c0-1e3d-4fa3-aa31-ca74c276cd99,0
1649679807422\smolking_lab.png,1649679807422\smolking_srgb.png,1649679807422\smolking_lab.png,33.406,8c53a4c0-1e3d-4fa3-aa31-ca74c276cd99,0
1649679807422\smolking_linrgb.png,1649679807422\smolking_lab.png,1649679807422\smolking_lab.png,6.646,8c53a4c0-1e3d-4fa3-aa31-ca74c276cd99,0
1649679807422\smolking_linrgb.png,1649679807422\smolking_srgb.png,1649679807422\smolking_srgb.png,3.611,8c53a4c0-1e3d-4fa3-aa31-ca74c276cd99,0
1649679807422\smolking_srgb.png,1649679807422\smolking_linrgb.png,1649679807422\smolking_srgb.png,6.173,8c53a4c0-1e3d-4fa3-aa31-ca74c276cd99,1
1649679807422\snail_srgb.png,1649679807422\snail_lab.png,1649679807422\snail_srgb.png,6.26,dc3cb696-86c2-4aca-9443-603911517e70,0
1649679807422\snail_srgb.png,1649679807422\snail_linrgb.png,1649679807422\snail_srgb.png,2.349,dc3cb696-86c2-4aca-9443-603911517e70,0
1649679807422\snail_linrgb.png,1649679807422\snail_srgb.png,1649679807422\snail_linrgb.png,2.7,dc3cb696-86c2-4aca-9443-603911517e70,1
1649679807422\snail_linrgb.png,1649679807422\snail_lab.png,1649679807422\snail_linrgb.png,3.826,dc3cb696-86c2-4aca-9443-603911517e70,0
1649679807422\bird_ogniewski.png,1649679807422\bird_bilinear.png,1649679807422\bird_bilinear.png,5.878,dc3cb696-86c2-4aca-9443-603911517e70,0
1649679807422\bird_lanczos3.png,1649679807422\bird_bilinear.png,1649679807422\bird_lanczos3.png,11.808,dc3cb696-86c2-4aca-9443-603911517e70,0
1649679807422\bird_bilinear.png,1649679807422\bird_lanczos3.png,1649679807422\bird_bilinear.png,7.506,dc3cb696-86c2-4aca-9443-603911517e70,1
1649679807422\bird_bilinear.png,1649679807422\bird_bicubic.png,1649679807422\bird_bicubic.png,18.161,dc3cb696-86c2-4aca-9443-603911517e70,0
1649679807422\bird_lanczos3.png,1649679807422\bird_bicubic.png,1649679807422\bird_bicubic.png,4.717,dc3cb696-86c2-4aca-9443-603911517e70,0
1649679807422\bus_bilinear.png,1649679807422\bus_ogniewski.png,1649679807422\bus_bilinear.png,6.094,dc3cb696-86c2-4aca-9443-603911517e70,0
1649679807422\bus_lanczos3.png,1649679807422\bus_bilinear.png,1649679807422\bus_bilinear.png,3.009,dc3cb696-86c2-4aca-9443-603911517e70,0
1649679807422\bus_ogniewski.png,1649679807422\bus_lanczos3.png,1649679807422\bus_ogniewski.png,12.79,dc3cb696-86c2-4aca-9443-603911517e70,0
1649679807422\bus_bicubic.png,1649679807422\bus_ogniewski.png,1649679807422\bus_bicubic.png,8.271,dc3cb696-86c2-4aca-9443-603911517e70,0
1649679807422\bus_bilinear.png,1649679807422\bus_bicubic.png,1649679807422\bus_bicubic.png,2.706,dc3cb696-86c2-4aca-9443-603911517e70,0
1649679807422\bus_bicubic.png,1649679807422\bus_bilinear.png,1649679807422\bus_bicubic.png,26.666,dc3cb696-86c2-4aca-9443-603911517e70,1
1649679807422\interpsmolking_bilinear.png,1649679807422\interpsmolking_lanczos3.png,1649679807422\interpsmolking_bilinear.png,3.091,dc3cb696-86c2-4aca-9443-603911517e70,0
1649679807422\interpsmolking_lanczos3.png,1649679807422\interpsmolking_bilinear.png,1649679807422\interpsmolking_lanczos3.png,3.192,dc3cb696-86c2-4aca-9443-603911517e70,1
1649679807422\interpsmolking_bilinear.png,1649679807422\interpsmolking_ogniewski.png,1649679807422\interpsmolking_ogniewski.png,24.095,dc3cb696-86c2-4aca-9443-603911517e70,0
1649679807422\interpsmolking_bilinear.png,1649679807422\interpsmolking_bicubic.png,1649679807422\interpsmolking_bilinear.png,11.034,dc3cb696-86c2-4aca-9443-603911517e70,0
1649679807422\interpsmolking_lanczos3.png,1649679807422\interpsmolking_bicubic.png,1649679807422\interpsmolking_bicubic.png,7.79,dc3cb696-86c2-4aca-9443-603911517e70,0
1649679807422\mushroom_ogniewski.png,1649679807422\mushroom_lanczos3.png,1649679807422\mushroom_ogniewski.png,3.056,dc3cb696-86c2-4aca-9443-603911517e70,0
1649679807422\mushroom_ogniewski.png,1649679807422\mushroom_bicubic.png,1649679807422\mushroom_ogniewski.png,6.608,dc3cb696-86c2-4aca-9443-603911517e70,0
1649679807422\mushroom_lanczos3.png,1649679807422\mushroom_bicubic.png,1649679807422\mushroom_bicubic.png,2.942,dc3cb696-86c2-4aca-9443-603911517e70,0
1649679807422\mushroom_bicubic.png,1649679807422\mushroom_bilinear.png,1649679807422\mushroom_bicubic.png,3.898,dc3cb696-86c2-4aca-9443-603911517e70,0
1649679807422\mushroom_bilinear.png,1649679807422\mushroom_bicubic.png,1649679807422\mushroom_bilinear.png,4.711,dc3cb696-86c2-4aca-9443-603911517e70,1
1649679807422\mushroom_lanczos3.png,1649679807422\mushroom_bilinear.png,1649679807422\mushroom_bilinear.png,2.464,dc3cb696-86c2-4aca-9443-603911517e70,0
1649679807422\smolking_linrgb.png,1649679807422\smolking_lab.png,1649679807422\smolking_lab.png,5.89,dc3cb696-86c2-4aca-9443-603911517e70,0
1649679807422\smolking_srgb.png,1649679807422\smolking_lab.png,1649679807422\smolking_srgb.png,36.12,dc3cb696-86c2-4aca-9443-603911517e70,0
1649679807422\snail_srgb.png,1649679807422\snail_lab.png,1649679807422\snail_srgb.png,10.306,c99fe3ff-dced-4bf9-b402-673252b8425e,0
1649679807422\snail_lab.png,1649679807422\snail_srgb.png,1649679807422\snail_lab.png,2.773,c99fe3ff-dced-4bf9-b402-673252b8425e,1
1649679807422\snail_srgb.png,1649679807422\snail_linrgb.png,1649679807422\snail_srgb.png,9.06,c99fe3ff-dced-4bf9-b402-673252b8425e,0
1649679807422\snail_lab.png,1649679807422\snail_linrgb.png,1649679807422\snail_lab.png,14.371,c99fe3ff-dced-4bf9-b402-673252b8425e,0
1649679807422\bird_lanczos3.png,1649679807422\bird_ogniewski.png,1649679807422\bird_lanczos3.png,6.47,c99fe3ff-dced-4bf9-b402-673252b8425e,0
1649679807422\bird_ogniewski.png,1649679807422\bird_lanczos3.png,1649679807422\bird_ogniewski.png,2.194,c99fe3ff-dced-4bf9-b402-673252b8425e,1
1649679807422\bird_lanczos3.png,1649679807422\bird_bicubic.png,1649679807422\bird_bicubic.png,5.466,c99fe3ff-dced-4bf9-b402-673252b8425e,0
1649679807422\bird_lanczos3.png,1649679807422\bird_bilinear.png,1649679807422\bird_lanczos3.png,4.188,c99fe3ff-dced-4bf9-b402-673252b8425e,0
1649679807422\bird_bilinear.png,1649679807422\bird_ogniewski.png,1649679807422\bird_bilinear.png,3.909,c99fe3ff-dced-4bf9-b402-673252b8425e,0
1649679807422\bus_ogniewski.png,1649679807422\bus_bilinear.png,1649679807422\bus_ogniewski.png,21.287,c99fe3ff-dced-4bf9-b402-673252b8425e,0
1649679807422\bus_bicubic.png,1649679807422\bus_ogniewski.png,1649679807422\bus_ogniewski.png,40.947,c99fe3ff-dced-4bf9-b402-673252b8425e,0
1649679807422\bus_ogniewski.png,1649679807422\bus_bicubic.png,1649679807422\bus_ogniewski.png,5.221,c99fe3ff-dced-4bf9-b402-673252b8425e,1
1649679807422\bus_bicubic.png,1649679807422\bus_bilinear.png,1649679807422\bus_bicubic.png,8.452,c99fe3ff-dced-4bf9-b402-673252b8425e,0
1649679807422\bus_lanczos3.png,1649679807422\bus_bicubic.png,1649679807422\bus_bicubic.png,2.855,c99fe3ff-dced-4bf9-b402-673252b8425e,0
1649679807422\bus_bilinear.png,1649679807422\bus_lanczos3.png,1649679807422\bus_bilinear.png,9.209,c99fe3ff-dced-4bf9-b402-673252b8425e,0
1649679807422\interpsmolking_bicubic.png,1649679807422\interpsmolking_ogniewski.png,1649679807422\interpsmolking_ogniewski.png,54.645,c99fe3ff-dced-4bf9-b402-673252b8425e,0
1649679807422\interpsmolking_bilinear.png,1649679807422\interpsmolking_ogniewski.png,1649679807422\interpsmolking_ogniewski.png,4.634,c99fe3ff-dced-4bf9-b402-673252b8425e,0
1649679807422\interpsmolking_bicubic.png,1649679807422\interpsmolking_bilinear.png,1649679807422\interpsmolking_bilinear.png,7.903,c99fe3ff-dced-4bf9-b402-673252b8425e,0
1649679807422\interpsmolking_lanczos3.png,1649679807422\interpsmolking_bilinear.png,1649679807422\interpsmolking_lanczos3.png,4.034,c99fe3ff-dced-4bf9-b402-673252b8425e,0
1649679807422\interpsmolking_ogniewski.png,1649679807422\interpsmolking_lanczos3.png,1649679807422\interpsmolking_lanczos3.png,5.568,c99fe3ff-dced-4bf9-b402-673252b8425e,0
1649679807422\interpsmolking_lanczos3.png,1649679807422\interpsmolking_ogniewski.png,1649679807422\interpsmolking_lanczos3.png,4.988,c99fe3ff-dced-4bf9-b402-673252b8425e,1
1649679807422\mushroom_bicubic.png,1649679807422\mushroom_lanczos3.png,1649679807422\mushroom_bicubic.png,3.698,c99fe3ff-dced-4bf9-b402-673252b8425e,0
1649679807422\mushroom_lanczos3.png,1649679807422\mushroom_bicubic.png,1649679807422\mushroom_lanczos3.png,1.679,c99fe3ff-dced-4bf9-b402-673252b8425e,1
1649679807422\mushroom_ogniewski.png,1649679807422\mushroom_bicubic.png,1649679807422\mushroom_bicubic.png,4.87,c99fe3ff-dced-4bf9-b402-673252b8425e,0
1649679807422\mushroom_lanczos3.png,1649679807422\mushroom_ogniewski.png,1649679807422\mushroom_ogniewski.png,2.665,c99fe3ff-dced-4bf9-b402-673252b8425e,0
1649679807422\mushroom_ogniewski.png,1649679807422\mushroom_bilinear.png,1649679807422\mushroom_ogniewski.png,3.007,c99fe3ff-dced-4bf9-b402-673252b8425e,0
1649679807422\mushroom_lanczos3.png,1649679807422\mushroom_bilinear.png,1649679807422\mushroom_bilinear.png,1.854,c99fe3ff-dced-4bf9-b402-673252b8425e,0
1649679807422\smolking_lab.png,1649679807422\smolking_srgb.png,1649679807422\smolking_srgb.png,17.535,c99fe3ff-dced-4bf9-b402-673252b8425e,0
1649679807422\smolking_srgb.png,1649679807422\smolking_lab.png,1649679807422\smolking_srgb.png,2.468,c99fe3ff-dced-4bf9-b402-673252b8425e,1
1649679807422\smolking_linrgb.png,1649679807422\smolking_srgb.png,1649679807422\smolking_srgb.png,7.947,c99fe3ff-dced-4bf9-b402-673252b8425e,0
1649679807422\smolking_linrgb.png,1649679807422\smolking_lab.png,1649679807422\smolking_lab.png,3.091,c99fe3ff-dced-4bf9-b402-673252b8425e,0
1649679807422\snail_linrgb.png,1649679807422\snail_lab.png,1649679807422\snail_linrgb.png,5.373,5f09fb64-51ad-4fe4-a1f4-561834f808aa,0
1649679807422\snail_linrgb.png,1649679807422\snail_srgb.png,1649679807422\snail_srgb.png,15.272,5f09fb64-51ad-4fe4-a1f4-561834f808aa,0
1649679807422\bird_ogniewski.png,1649679807422\bird_lanczos3.png,1649679807422\bird_ogniewski.png,61.962,5f09fb64-51ad-4fe4-a1f4-561834f808aa,0
1649679807422\bird_bicubic.png,1649679807422\bird_ogniewski.png,1649679807422\bird_bicubic.png,4.196,5f09fb64-51ad-4fe4-a1f4-561834f808aa,0
1649679807422\bird_bilinear.png,1649679807422\bird_ogniewski.png,1649679807422\bird_ogniewski.png,4.363,5f09fb64-51ad-4fe4-a1f4-561834f808aa,0
1649679807422\bird_ogniewski.png,1649679807422\bird_bilinear.png,1649679807422\bird_ogniewski.png,6.235,5f09fb64-51ad-4fe4-a1f4-561834f808aa,1
1649679807422\bird_bilinear.png,1649679807422\bird_lanczos3.png,1649679807422\bird_lanczos3.png,4.351,5f09fb64-51ad-4fe4-a1f4-561834f808aa,0
1649679807422\bus_ogniewski.png,1649679807422\bus_lanczos3.png,1649679807422\bus_ogniewski.png,31.169,5f09fb64-51ad-4fe4-a1f4-561834f808aa,0
1649679807422\bus_lanczos3.png,1649679807422\bus_ogniewski.png,1649679807422\bus_lanczos3.png,3.409,5f09fb64-51ad-4fe4-a1f4-561834f808aa,1
1649679807422\bus_ogniewski.png,1649679807422\bus_bicubic.png,1649679807422\bus_ogniewski.png,13.643,5f09fb64-51ad-4fe4-a1f4-561834f808aa,0
1649679807422\bus_bicubic.png,1649679807422\bus_lanczos3.png,1649679807422\bus_lanczos3.png,2.505,5f09fb64-51ad-4fe4-a1f4-561834f808aa,0
1649679807422\bus_bilinear.png,1649679807422\bus_lanczos3.png,1649679807422\bus_lanczos3.png,21.94,5f09fb64-51ad-4fe4-a1f4-561834f808aa,0
1649679807422\bus_bilinear.png,1649679807422\bus_bicubic.png,1649679807422\bus_bicubic.png,13.19,5f09fb64-51ad-4fe4-a1f4-561834f808aa,0
1649679807422\interpsmolking_ogniewski.png,1649679807422\interpsmolking_bicubic.png,1649679807422\interpsmolking_ogniewski.png,16.946,5f09fb64-51ad-4fe4-a1f4-561834f808aa,0
1649679807422\interpsmolking_bilinear.png,1649679807422\interpsmolking_ogniewski.png,1649679807422\interpsmolking_ogniewski.png,8.756,5f09fb64-51ad-4fe4-a1f4-561834f808aa,0
1649679807422\interpsmolking_bilinear.png,1649679807422\interpsmolking_bicubic.png,1649679807422\interpsmolking_bicubic.png,7.156,5f09fb64-51ad-4fe4-a1f4-561834f808aa,0
1649679807422\interpsmolking_lanczos3.png,1649679807422\interpsmolking_bicubic.png,1649679807422\interpsmolking_lanczos3.png,6.811,5f09fb64-51ad-4fe4-a1f4-561834f808aa,0
1649679807422\interpsmolking_bicubic.png,1649679807422\interpsmolking_lanczos3.png,1649679807422\interpsmolking_bicubic.png,3.582,5f09fb64-51ad-4fe4-a1f4-561834f808aa,1
1649679807422\interpsmolking_lanczos3.png,1649679807422\interpsmolking_ogniewski.png,1649679807422\interpsmolking_ogniewski.png,5.214,5f09fb64-51ad-4fe4-a1f4-561834f808aa,0
1649679807422\mushroom_bilinear.png,1649679807422\mushroom_bicubic.png,1649679807422\mushroom_bicubic.png,14.233,5f09fb64-51ad-4fe4-a1f4-561834f808aa,0
1649679807422\mushroom_bicubic.png,1649679807422\mushroom_ogniewski.png,1649679807422\mushroom_bicubic.png,6.886,5f09fb64-51ad-4fe4-a1f4-561834f808aa,0
1649679807422\mushroom_bilinear.png,1649679807422\mushroom_ogniewski.png,1649679807422\mushroom_ogniewski.png,2.868,5f09fb64-51ad-4fe4-a1f4-561834f808aa,0
1649679807422\mushroom_ogniewski.png,1649679807422\mushroom_bilinear.png,1649679807422\mushroom_ogniewski.png,3.768,5f09fb64-51ad-4fe4-a1f4-561834f808aa,1
1649679807422\mushroom_ogniewski.png,1649679807422\mushroom_lanczos3.png,1649679807422\mushroom_ogniewski.png,3.885,5f09fb64-51ad-4fe4-a1f4-561834f808aa,0
1649679807422\mushroom_lanczos3.png,1649679807422\mushroom_bilinear.png,1649679807422\mushroom_bilinear.png,10.69,5f09fb64-51ad-4fe4-a1f4-561834f808aa,0
1649679807422\smolking_lab.png,1649679807422\smolking_srgb.png,1649679807422\smolking_srgb.png,10.716,5f09fb64-51ad-4fe4-a1f4-561834f808aa,0
1649679807422\smolking_srgb.png,1649679807422\smolking_linrgb.png,1649679807422\smolking_srgb.png,13.82,5f09fb64-51ad-4fe4-a1f4-561834f808aa,0
1649679807422\smolking_linrgb.png,1649679807422\smolking_lab.png,1649679807422\smolking_lab.png,6.679,5f09fb64-51ad-4fe4-a1f4-561834f808aa,0
1649679807422\smolking_lab.png,1649679807422\smolking_linrgb.png,1649679807422\smolking_lab.png,4.438,5f09fb64-51ad-4fe4-a1f4-561834f808aa,1
1649679807422\snail_lab.png,1649679807422\snail_linrgb.png,1649679807422\snail_lab.png,39.606,45323386-122d-4acd-ae6f-900d385b4697,0
1649679807422\snail_lab.png,1649679807422\snail_srgb.png,1649679807422\snail_srgb.png,34.009,45323386-122d-4acd-ae6f-900d385b4697,0
1649679807422\bird_lanczos3.png,1649679807422\bird_ogniewski.png,1649679807422\bird_ogniewski.png,62.777,45323386-122d-4acd-ae6f-900d385b4697,0
1649679807422\bird_ogniewski.png,1649679807422\bird_lanczos3.png,1649679807422\bird_ogniewski.png,7.143,45323386-122d-4acd-ae6f-900d385b4697,1
1649679807422\bird_ogniewski.png,1649679807422\bird_bicubic.png,1649679807422\bird_bicubic.png,43.507,45323386-122d-4acd-ae6f-900d385b4697,0
1649679807422\bird_bilinear.png,1649679807422\bird_ogniewski.png,1649679807422\bird_bilinear.png,7.872,45323386-122d-4acd-ae6f-900d385b4697,0
1649679807422\bird_bicubic.png,1649679807422\bird_bilinear.png,1649679807422\bird_bicubic.png,28.257,45323386-122d-4acd-ae6f-900d385b4697,0
1649679807422\bus_lanczos3.png,1649679807422\bus_ogniewski.png,1649679807422\bus_lanczos3.png,66.004,45323386-122d-4acd-ae6f-900d385b4697,0
1649679807422\bus_ogniewski.png,1649679807422\bus_lanczos3.png,1649679807422\bus_ogniewski.png,23.129,45323386-122d-4acd-ae6f-900d385b4697,1
1649679807422\bus_lanczos3.png,1649679807422\bus_bicubic.png,1649679807422\bus_bicubic.png,36.683,45323386-122d-4acd-ae6f-900d385b4697,0
1649679807422\bus_bilinear.png,1649679807422\bus_lanczos3.png,1649679807422\bus_bilinear.png,23.807,45323386-122d-4acd-ae6f-900d385b4697,0
1649679807422\bus_bicubic.png,1649679807422\bus_bilinear.png,1649679807422\bus_bicubic.png,18.431,45323386-122d-4acd-ae6f-900d385b4697,0
1649679807422\interpsmolking_bicubic.png,1649679807422\interpsmolking_bilinear.png,1649679807422\interpsmolking_bilinear.png,42.615,45323386-122d-4acd-ae6f-900d385b4697,0
1649679807422\interpsmolking_bilinear.png,1649679807422\interpsmolking_lanczos3.png,1649679807422\interpsmolking_bilinear.png,7.487,45323386-122d-4acd-ae6f-900d385b4697,0
1649679807422\interpsmolking_lanczos3.png,1649679807422\interpsmolking_bicubic.png,1649679807422\interpsmolking_bicubic.png,25.39,45323386-122d-4acd-ae6f-900d385b4697,0
1649679807422\interpsmolking_ogniewski.png,1649679807422\interpsmolking_bicubic.png,1649679807422\interpsmolking_ogniewski.png,15.085,45323386-122d-4acd-ae6f-900d385b4697,0
1649679807422\interpsmolking_bicubic.png,1649679807422\interpsmolking_ogniewski.png,1649679807422\interpsmolking_bicubic.png,36.415,45323386-122d-4acd-ae6f-900d385b4697,1
1649679807422\interpsmolking_bilinear.png,1649679807422\interpsmolking_ogniewski.png,1649679807422\interpsmolking_ogniewski.png,56.997,45323386-122d-4acd-ae6f-900d385b4697,0
1649679807422\mushroom_lanczos3.png,1649679807422\mushroom_bilinear.png,1649679807422\mushroom_bilinear.png,27.382,45323386-122d-4acd-ae6f-900d385b4697,0
1649679807422\mushroom_ogniewski.png,1649679807422\mushroom_bilinear.png,1649679807422\mushroom_ogniewski.png,24,45323386-122d-4acd-ae6f-900d385b4697,0
1649679807422\mushroom_bilinear.png,1649679807422\mushroom_ogniewski.png,1649679807422\mushroom_bilinear.png,16.833,45323386-122d-4acd-ae6f-900d385b4697,1
1649679807422\mushroom_bicubic.png,1649679807422\mushroom_bilinear.png,1649679807422\mushroom_bilinear.png,11.203,45323386-122d-4acd-ae6f-900d385b4697,0
1649679807422\mushroom_bicubic.png,1649679807422\mushroom_lanczos3.png,1649679807422\mushroom_bicubic.png,15.699,45323386-122d-4acd-ae6f-900d385b4697,0
1649679807422\smolking_lab.png,1649679807422\smolking_linrgb.png,1649679807422\smolking_lab.png,13.565,45323386-122d-4acd-ae6f-900d385b4697,0
1649679807422\smolking_linrgb.png,1649679807422\smolking_lab.png,1649679807422\smolking_linrgb.png,4.643,45323386-122d-4acd-ae6f-900d385b4697,1
1649679807422\smolking_lab.png,1649679807422\smolking_srgb.png,1649679807422\smolking_lab.png,39.682,45323386-122d-4acd-ae6f-900d385b4697,0
1649679807422\smolking_linrgb.png,1649679807422\smolking_srgb.png,1649679807422\smolking_srgb.png,5.974,45323386-122d-4acd-ae6f-900d385b4697,0
